{
  "frozen_calibration_unchanged": true,
  "gate": {
    "Brier": 0.015396899757826186,
    "ECE": 0.005332846372600345,
    "log_loss": 0.03162869469539665
  },
  "joint": {
    "Brier": 0.015396899757826186,
    "ECE": 0.005332846372600345,
    "log_loss": 0.03162869469539665
  },
  "subtype": {
    "Brier": 0.015396899757826186,
    "ECE": 0.005332846372600345,
    "log_loss": 0.03162869469539665
  }
}
