{
  "frozen_calibration_unchanged": true,
  "gate": {
    "Brier": 1.1862892431129854e-07,
    "ECE": 0.00024557215734122284,
    "log_loss": 0.00024560902468690013
  },
  "joint": {
    "Brier": 1.1862892431129854e-07,
    "ECE": 0.00024557215734122284,
    "log_loss": 0.00024560902468690013
  },
  "subtype": {
    "Brier": 1.1862892431129854e-07,
    "ECE": 0.00024557215734122284,
    "log_loss": 0.00024560902468690013
  }
}
