{
  "alert_end_to_end": {
    "p50_ms": 777.3963999934494,
    "p95_ms": 875.8514799876139,
    "p99_ms": 979.20311999158
  },
  "capture_close_to_sink": {
    "p50_ms": 774.781800020719,
    "p95_ms": 906.7794349946779,
    "p99_ms": 1019.7773389948993
  },
  "capture_close_to_zeek": {
    "p50_ms": 759.4604999758303,
    "p95_ms": 883.8704749650788,
    "p99_ms": 995.4177990183231
  },
  "enqueue_to_sink": {
    "p50_ms": 0.678999989759177,
    "p95_ms": 1.0689399903640149,
    "p99_ms": 1.6049659845884878
  },
  "feature_to_prediction": {
    "p50_ms": 12.48614999349229,
    "p95_ms": 16.53412995219696,
    "p99_ms": 34.41820999723848
  },
  "prediction_to_enqueue": {
    "p50_ms": 0.8392500458285213,
    "p95_ms": 1.5216700034216046,
    "p99_ms": 1.9847670017043124
  },
  "zeek_to_feature": {
    "p50_ms": 0.9625499951653183,
    "p95_ms": 1.375030048075132,
    "p99_ms": 1.9082830008119336
  }
}
